image,confidence_threshold,nms_iou,detection_count,confidence_scores
normal_road_01.jpg,0.5,0.3,5,0.8793;0.8342;0.7066;0.6536;0.5936
normal_road_02.jpg,0.5,0.3,7,0.7868;0.7694;0.7656;0.7269;0.6269;0.6255;0.6001
road_pothole_01.jpg,0.5,0.3,8,0.6685;0.6339;0.6262;0.6035;0.5604;0.5285;0.518;0.5017
road_pothole_02.jpg,0.5,0.3,6,0.8686;0.8388;0.8092;0.701;0.6662;0.5734
road_pothole_03.jpg,0.5,0.3,5,0.7792;0.7136;0.6941;0.6465;0.6243
normal_road_01.jpg,0.5,0.45,5,0.8793;0.8342;0.7066;0.6536;0.5936
normal_road_02.jpg,0.5,0.45,7,0.7868;0.7694;0.7656;0.7269;0.6269;0.6255;0.6001
road_pothole_01.jpg,0.5,0.45,8,0.6685;0.6339;0.6262;0.6035;0.5604;0.5285;0.518;0.5017
road_pothole_02.jpg,0.5,0.45,6,0.8686;0.8388;0.8092;0.701;0.6662;0.5734
road_pothole_03.jpg,0.5,0.45,5,0.7792;0.7136;0.6941;0.6465;0.6243
normal_road_01.jpg,0.5,0.6,5,0.8793;0.8342;0.7066;0.6536;0.5936
normal_road_02.jpg,0.5,0.6,7,0.7868;0.7694;0.7656;0.7269;0.6269;0.6255;0.6001
road_pothole_01.jpg,0.5,0.6,8,0.6685;0.6339;0.6262;0.6035;0.5604;0.5285;0.518;0.5017
road_pothole_02.jpg,0.5,0.6,6,0.8686;0.8388;0.8092;0.701;0.6662;0.5734
road_pothole_03.jpg,0.5,0.6,5,0.7792;0.7136;0.6941;0.6465;0.6243
