image,threshold,detection_count,confidence_scores
normal_road_01.jpg,0.25,5,0.8793;0.8342;0.7066;0.6536;0.5936
normal_road_02.jpg,0.25,10,0.7868;0.7694;0.7656;0.7269;0.6269;0.6255;0.6001;0.4561;0.3892;0.2766
road_pothole_01.jpg,0.25,15,0.6685;0.6339;0.6262;0.6035;0.5604;0.5285;0.518;0.5017;0.4048;0.3817;0.3449;0.339;0.3154;0.2905;0.27
road_pothole_02.jpg,0.25,18,0.8686;0.8388;0.8092;0.701;0.6662;0.5734;0.3997;0.3789;0.3701;0.3343;0.3156;0.3037;0.303;0.2885;0.2743;0.2713;0.2586;0.2526
road_pothole_03.jpg,0.25,14,0.7792;0.7136;0.6941;0.6465;0.6243;0.4793;0.4665;0.4444;0.4366;0.3809;0.3579;0.3192;0.3108;0.2932
normal_road_01.jpg,0.5,5,0.8793;0.8342;0.7066;0.6536;0.5936
normal_road_02.jpg,0.5,7,0.7868;0.7694;0.7656;0.7269;0.6269;0.6255;0.6001
road_pothole_01.jpg,0.5,8,0.6685;0.6339;0.6262;0.6035;0.5604;0.5285;0.518;0.5017
road_pothole_02.jpg,0.5,6,0.8686;0.8388;0.8092;0.701;0.6662;0.5734
road_pothole_03.jpg,0.5,5,0.7792;0.7136;0.6941;0.6465;0.6243
normal_road_01.jpg,0.65,4,0.8793;0.8342;0.7066;0.6536
normal_road_02.jpg,0.65,4,0.7868;0.7694;0.7656;0.7269
road_pothole_01.jpg,0.65,1,0.6685
road_pothole_02.jpg,0.65,5,0.8686;0.8388;0.8092;0.701;0.6662
road_pothole_03.jpg,0.65,3,0.7792;0.7136;0.6941
